Country,Date,DailyCasesCountry,CumulativeDailyCases_country,DailyDeathsCountry,CumulativeDailyDeaths,DailyRecoveredCountry,CumulativeDailyRecoveredCountry,DailyTestingCountry,CumulativeDailyTestingCountry
Canada,1/25/2020,1,1,0,0,0,0,0,0
Canada,1/26/2020,0,1,0,0,0,0,0,0
Canada,1/27/2020,1,2,0,0,0,0,0,0
Canada,1/28/2020,1,3,0,0,0,0,0,0
Canada,1/29/2020,0,3,0,0,0,0,0,0
Canada,1/30/2020,0,3,0,0,0,0,0,0
Canada,1/31/2020,1,4,0,0,0,0,0,0
Canada,2/1/2020,0,4,0,0,0,0,0,0
Canada,2/2/2020,0,4,0,0,0,0,0,0
Canada,2/3/2020,0,4,0,0,0,0,0,0
Canada,2/4/2020,1,5,0,0,0,0,0,0
Canada,2/5/2020,0,5,0,0,0,0,0,0
Canada,2/6/2020,2,7,0,0,0,0,0,0
Canada,2/7/2020,0,7,0,0,0,0,0,0
Canada,2/8/2020,0,7,0,0,0,0,0,0
Canada,2/9/2020,0,7,0,0,0,0,0,0
Canada,2/10/2020,0,7,0,0,0,0,0,0
Canada,2/11/2020,0,7,0,0,0,0,0,0
Canada,2/12/2020,0,7,0,0,1,1,0,0
Canada,2/13/2020,0,7,0,0,0,1,0,0
Canada,2/14/2020,1,8,0,0,0,1,0,0
Canada,2/15/2020,0,8,0,0,0,1,0,0
Canada,2/16/2020,0,8,0,0,0,1,0,0
Canada,2/17/2020,0,8,0,0,0,1,0,0
Canada,2/18/2020,0,8,0,0,0,1,0,0
Canada,2/19/2020,0,8,0,0,1,2,0,0
Canada,2/20/2020,1,9,0,0,1,3,0,0
Canada,2/21/2020,0,9,0,0,1,4,0,0
Canada,2/22/2020,0,9,0,0,0,4,0,0
Canada,2/23/2020,1,10,0,0,0,4,0,0
Canada,2/24/2020,1,11,0,0,0,4,0,0
Canada,2/25/2020,0,11,0,0,3,7,0,0
Canada,2/26/2020,1,12,0,0,0,7,0,0
Canada,2/27/2020,2,14,0,0,0,7,0,0
Canada,2/28/2020,2,16,0,0,0,7,0,0
Canada,2/29/2020,4,20,0,0,0,7,0,0
Canada,3/1/2020,4,24,0,0,0,7,0,0
Canada,3/2/2020,0,24,0,0,0,7,0,0
Canada,3/3/2020,9,33,0,0,0,7,0,0
Canada,3/4/2020,1,34,0,0,0,7,0,0
Canada,3/5/2020,12,46,0,0,1,8,0,0
Canada,3/6/2020,8,54,0,0,0,8,0,0
Canada,3/7/2020,6,60,0,0,0,8,0,0
Canada,3/8/2020,7,67,1,1,0,8,0,0
Canada,3/9/2020,19,86,0,1,1,9,0,0
Canada,3/10/2020,9,95,0,1,0,9,0,0
Canada,3/11/2020,21,116,1,2,0,9,0,0
Canada,3/12/2020,40,156,0,2,0,9,0,0
Canada,3/13/2020,42,198,0,2,1,10,0,0
Canada,3/14/2020,59,257,0,2,0,10,0,0
Canada,3/15/2020,84,341,0,2,0,10,26098,26098
Canada,3/16/2020,100,441,3,5,0,10,8844,34942
Canada,3/17/2020,156,597,3,8,0,10,5756,40698
Canada,3/18/2020,130,727,1,9,1,11,7015,47713
Canada,3/19/2020,146,873,3,12,2,13,7695,55408
Canada,3/20/2020,214,1087,1,13,2,15,20374,75782
Canada,3/21/2020,244,1331,5,18,1,16,14046,89828
Canada,3/22/2020,140,1471,3,21,2,18,13875,103703
Canada,3/23/2020,620,2091,3,24,94,112,8191,111894
Canada,3/24/2020,728,2819,3,27,74,186,9431,121325
Canada,3/25/2020,589,3408,8,35,12,198,27235,148560
Canada,3/26/2020,634,4042,4,39,31,229,15005,163565
Canada,3/27/2020,714,4756,16,55,127,356,9315,172880
Canada,3/28/2020,898,5654,6,61,149,505,22225,195105
Canada,3/29/2020,665,6319,5,66,84,589,17788,212893
Canada,3/30/2020,1127,7446,24,90,533,1122,14153,227046
Canada,3/31/2020,1143,8589,36,126,184,1306,17170,244216
Canada,4/1/2020,1556,10145,6,132,370,1676,17470,261686
Canada,4/2/2020,1605,11750,36,168,305,1981,18731,280417
Canada,4/3/2020,1191,12941,53,221,354,2335,22219,302636
Canada,4/4/2020,1424,14365,50,271,413,2748,17331,319967
Canada,4/5/2020,1528,15893,32,303,365,3113,12748,332715
Canada,4/6/2020,1219,17112,51,354,516,3629,12898,345613
Canada,4/7/2020,1379,18491,63,417,434,4063,11553,357166
Canada,4/8/2020,1319,19810,56,473,603,4666,13764,370930
Canada,4/9/2020,1544,21354,65,538,658,5324,13891,384821
Canada,4/10/2020,1329,22683,80,618,702,6026,14340,399161
Canada,4/11/2020,1212,23895,70,688,637,6663,13734,412895
Canada,4/12/2020,1123,25018,54,742,522,7185,15253,428148
Canada,4/13/2020,1367,26385,76,818,586,7771,17306,445454
Canada,4/14/2020,1472,27857,145,963,477,8248,18597,464051
Canada,4/15/2020,1344,29201,104,1067,744,8992,16056,480107
Canada,4/16/2020,1747,30948,180,1247,733,9725,18503,498610
Canada,4/17/2020,1883,32831,113,1360,831,10556,26002,524612
Canada,4/18/2020,1528,34359,163,1523,664,11220,21380,545992
Canada,4/19/2020,1656,36015,115,1638,636,11856,21683,567675
Canada,4/20/2020,1814,37829,116,1754,743,12599,22170,589845
Canada,4/21/2020,1544,39373,151,1905,602,13201,20012,609857
Canada,4/22/2020,1959,41332,166,2071,798,13999,23354,633211
Canada,4/23/2020,1862,43194,158,2229,775,14774,23395,656606
Canada,4/24/2020,1627,44821,157,2386,780,15554,27560,684166
Canada,4/25/2020,1411,46232,163,2549,884,16438,22627,706793
Canada,4/26/2020,1587,47819,117,2666,896,17334,22733,729526
Canada,4/27/2020,1601,49420,148,2814,947,18281,30728,760254
Canada,4/28/2020,1484,50904,141,2955,963,19244,22533,782787
Canada,4/29/2020,1703,52607,174,3129,1096,20340,25954,808741
Canada,4/30/2020,1589,54196,146,3275,1097,21437,28014,836755
Canada,5/1/2020,1949,56145,229,3504,1327,22764,32167,868922
Canada,5/2/2020,1594,57739,147,3651,1050,23814,27862,896784
Canada,5/3/2020,2561,60300,117,3768,1107,24921,29214,925998
Canada,5/4/2020,1482,61782,208,3976,1109,26030,32613,958611
Canada,5/5/2020,1274,63056,189,4165,976,27006,20497,979108
Canada,5/6/2020,1477,64533,182,4347,1178,28184,32329,1011437
Canada,5/7/2020,1521,66054,176,4523,1076,29260,33289,1044726
Canada,5/8/2020,1438,67492,151,4674,979,30239,31011,1075737
Canada,5/9/2020,1261,68753,129,4803,1023,31262,35588,1111325
Canada,5/10/2020,1170,69923,160,4963,847,32109,25578,1136903
Canada,5/11/2020,1185,71108,134,5097,898,33007,31008,1167911
Canada,5/12/2020,1158,72266,184,5281,1048,34055,24751,1192662
Canada,5/13/2020,1147,73413,129,5410,1122,35177,28774,1221436
Canada,5/14/2020,1208,74621,162,5572,927,36104,32431,1253867
Canada,5/15/2020,1178,75799,91,5663,804,36908,34738,1288605
Canada,5/16/2020,1236,77035,118,5781,924,37832,33464,1322069
Canada,5/17/2020,1122,78157,102,5883,731,38563,30322,1352391
Canada,5/18/2020,1089,79246,58,5941,688,39251,21455,1373846
Canada,5/19/2020,1123,80369,70,6011,812,40063,22050,1395896
Canada,5/20/2020,1080,81449,124,6135,726,40789,17948,1413844
Canada,5/21/2020,1167,82616,115,6250,939,41728,25480,1439324
Canada,5/22/2020,1210,83826,92,6342,879,42607,26882,1466206
Canada,5/23/2020,1204,85030,105,6447,711,43318,25900,1492106
Canada,5/24/2020,960,85990,68,6515,680,43998,26521,1518627
Canada,5/25/2020,1025,87015,121,6636,653,44651,27534,1546161
Canada,5/26/2020,965,87980,97,6733,701,45352,22120,1568281
Canada,5/27/2020,897,88877,125,6858,825,46177,28872,1597153
Canada,5/28/2020,993,89870,106,6964,676,46853,33718,1630871
Canada,5/29/2020,931,90801,83,7047,680,47533,35236,1666107
Canada,5/30/2020,778,91579,96,7143,583,48116,37160,1703267
Canada,5/31/2020,805,92384,215,7358,776,48892,36380,1739647
Canada,6/1/2020,736,93120,29,7387,847,49739,30694,1770341
Canada,6/2/2020,729,93849,70,7457,618,50357,28959,1799300
Canada,6/3/2020,705,94554,103,7560,691,51048,33595,1832895
Canada,6/4/2020,620,95174,139,7699,690,51738,36763,1869658
Canada,6/5/2020,685,95859,61,7760,827,52565,41529,1911187
Canada,6/6/2020,519,96378,72,7832,1044,53609,37459,1948646
Canada,6/7/2020,702,97080,27,7859,619,54228,27921,1976567
Canada,6/8/2020,619,97699,33,7892,600,54828,39842,2016409
Canada,6/9/2020,458,98157,59,7951,739,55567,26099,2042508
Canada,6/10/2020,480,98637,61,8012,1072,56639,35710,2078218
Canada,6/11/2020,440,99077,41,8053,1019,57658,41826,2120044
Canada,6/12/2020,433,99510,55,8108,865,58523,45964,2166008
Canada,6/13/2020,448,99958,57,8165,830,59353,41568,2207576
Canada,6/14/2020,359,100317,36,8201,919,60272,40281,2247857
Canada,6/15/2020,376,100693,27,8228,770,61042,34778,2282635
Canada,6/16/2020,340,101033,41,8269,401,61443,34530,2317165
Canada,6/17/2020,383,101416,36,8305,574,62017,40531,2357696
Canada,6/18/2020,379,101795,48,8353,479,62496,43450,2401146
Canada,6/19/2020,438,102233,45,8398,507,63003,46919,2448065
Canada,6/20/2020,364,102597,63,8461,485,63488,42416,2490481
Canada,6/21/2020,295,102892,14,8475,398,63886,33220,2523701
Canada,6/22/2020,364,103256,11,8486,448,64334,37234,2560935
Canada,6/23/2020,359,103615,18,8504,370,64704,38933,2599868
Canada,6/24/2020,316,103931,32,8536,387,65091,38166,2638034
Canada,6/25/2020,371,104302,22,8558,334,65425,42478,2680512
Canada,6/26/2020,181,104483,4,8562,301,65726,48482,2728994
Canada,6/27/2020,245,104728,9,8571,247,65973,46659,2775653
Canada,6/28/2020,292,105020,5,8576,218,66191,36428,2812081
Canada,6/29/2020,647,105667,47,8623,987,67178,42915,2854996
Canada,6/30/2020,278,105945,22,8645,414,67592,49409,2904405
Canada,7/1/2020,192,106137,29,8674,152,67744,5612,2910017
Canada,7/2/2020,355,106492,22,8696,603,68347,77553,2987570
Canada,7/3/2020,326,106818,22,8718,346,68693,40005,3027575
Canada,7/4/2020,219,107037,8,8726,297,68990,27722,3055297
Canada,7/5/2020,210,107247,9,8735,249,69239,25234,3080531
Canada,7/6/2020,425,107672,9,8744,331,69570,44302,3124833
Canada,7/7/2020,205,107877,17,8761,313,69883,46118,3170951
Canada,7/8/2020,310,108187,22,8783,364,70247,38279,3209230
Canada,7/9/2020,325,108512,10,8793,327,70574,45200,3254430
Canada,7/10/2020,323,108835,14,8807,327,70901,47943,3302373
Canada,7/11/2020,176,109011,8,8815,365,71266,38537,3340910
Canada,7/12/2020,206,109217,8,8823,201,71467,26717,3367627
Canada,7/13/2020,673,109890,10,8833,374,71841,59454,3427081
Canada,7/14/2020,302,110192,9,8842,329,72170,46877,3473958
Canada,7/15/2020,343,110535,12,8854,315,72485,42985,3516943
Canada,7/16/2020,444,110979,18,8872,351,72836,49750,3566693
Canada,7/17/2020,435,111414,8,8880,23853,96689,53766,3620459
Canada,7/18/2020,370,111784,8,8888,220,96909,40888,3661347
Canada,7/19/2020,324,112108,4,8892,142,97051,38377,3699724
Canada,7/20/2020,793,112901,5,8897,423,97474,66359,3766083
Canada,7/21/2020,562,113463,5,8902,283,97757,45924,3812007
Canada,7/22/2020,520,113983,7,8909,385,98142,47037,3859044
Canada,7/23/2020,452,114435,4,8913,377,98519,10006,3869050
Canada,7/24/2020,555,114990,7,8920,354,98873,55223,3924273
Canada,7/25/2020,344,115334,5,8925,242,99115,50353,3974626
Canada,7/26/2020,321,115655,5,8930,240,99355,53813,4028439
Canada,7/27/2020,717,116372,11,8941,505,99860,52392,4080831
Canada,7/28/2020,406,116778,13,8954,274,100134,39009,4119840
Canada,7/29/2020,499,117277,6,8960,331,100465,51411,4171251
Canada,7/30/2020,341,117618,12,8972,397,100862,54230,4225481
Canada,7/31/2020,494,118112,5,8977,365,101227,57674,4283155
Canada,8/1/2020,262,118374,6,8983,209,101436,58506,4341661
Canada,8/2/2020,239,118613,4,8987,138,101574,52922,4394583
Canada,8/3/2020,232,118845,5,8992,23,101597,17339,4411922
Canada,8/4/2020,705,119550,10,9002,853,102450,72389,4484311
Canada,8/5/2020,388,119938,4,9006,338,102788,38789,4523100
Canada,8/6/2020,367,120305,4,9010,318,103106,50334,4573434
Canada,8/7/2020,419,120724,4,9014,329,103435,50575,4624009
Canada,8/8/2020,256,120980,7,9021,131,103566,45311,4669320
Canada,8/9/2020,218,121198,4,9025,162,103728,53937,4723257
Canada,8/10/2020,677,121875,6,9031,2627,106355,51897,4775154
Canada,8/11/2020,351,122226,5,9036,391,106746,40945,4816099
Canada,8/12/2020,406,122632,14,9050,402,107148,42201,4858300
Canada,8/13/2020,388,123020,10,9060,404,107552,59332,4917632
Canada,8/14/2020,404,123424,5,9065,390,107942,54382,4972014
Canada,8/15/2020,230,123654,3,9068,275,108217,63164,5035178
Canada,8/16/2020,173,123827,2,9070,267,108484,45595,5080773
Canada,8/17/2020,732,124559,6,9076,575,109059,58660,5139433
Canada,8/18/2020,343,124902,10,9086,294,109353,42529,5181962
Canada,8/19/2020,337,125239,5,9091,465,109818,49320,5231282
Canada,8/20/2020,400,125639,5,9096,466,110284,52441,5283723
Canada,8/21/2020,515,126154,11,9107,360,110644,65065,5348788
Canada,8/22/2020,228,126382,6,9113,230,110874,50321,5399109
Canada,8/23/2020,257,126639,3,9116,234,111108,47055,5446164
Canada,8/24/2020,789,127428,9,9125,582,111690,50014,5496178
Canada,8/25/2020,312,127740,8,9133,360,112050,41721,5537899
Canada,8/26/2020,484,128224,2,9135,405,112455,46298,5584197
Canada,8/27/2020,446,128670,7,9142,370,112825,53044,5637241
Canada,8/28/2020,505,129175,9,9151,409,113234,65853,5703094
Canada,8/29/2020,286,129461,5,9156,267,113501,57684,5760778
Canada,8/30/2020,251,129712,3,9159,163,113664,47480,5808258
Canada,8/31/2020,1042,130754,9,9168,494,114158,60157,5868415
Canada,9/1/2020,504,131258,6,9174,449,114607,45677,5914092
Canada,9/2/2020,504,131762,4,9178,443,115050,50263,5964355
Canada,9/3/2020,589,132351,5,9183,394,115444,55168,6019523
Canada,9/4/2020,606,132957,2,9185,482,115926,59140,6078663
Canada,9/5/2020,365,133322,2,9187,210,116136,55165,6133828
Canada,9/6/2020,371,133693,0,9187,221,116357,54937,6188765
Canada,9/7/2020,438,134131,2,9189,102,116459,23252,6212017
Canada,9/8/2020,1455,135586,8,9197,1106,117565,89475,6301492
Canada,9/9/2020,574,136160,3,9200,692,118257,43375,6344867
Canada,9/10/2020,632,136792,7,9207,733,118990,55721,6400588
Canada,9/11/2020,725,137517,3,9210,684,119674,74007,6474595
Canada,9/12/2020,470,137987,6,9216,401,120075,67949,6542544
Canada,9/13/2020,542,138529,2,9218,356,120431,68079,6610623
Canada,9/14/2020,1401,139930,8,9226,793,121224,76922,6687545
Canada,9/15/2020,800,140730,9,9235,616,121840,64011,6751556
Canada,9/16/2020,954,141684,5,9240,609,122449,69455,6821011
Canada,9/17/2020,1160,142844,4,9244,624,123073,76636,6897647
Canada,9/18/2020,1047,143891,6,9250,650,123723,74382,6972029
Canada,9/19/2020,855,144746,6,9256,464,124187,75043,7047072
Canada,9/20/2020,828,145574,5,9261,504,124691,72333,7119405
Canada,9/21/2020,1799,147373,12,9273,1023,125714,81974,7201379
Canada,9/22/2020,1291,148664,7,9280,1190,126904,75449,7276828
Canada,9/23/2020,1106,149770,9,9289,884,127788,75448,7352276
Canada,9/24/2020,1321,151091,6,9295,919,128707,74155,7426431
Canada,9/25/2020,1433,152524,5,9300,866,129573,87652,7514083
Canada,9/26/2020,1263,153787,8,9308,755,130328,84150,7598233
Canada,9/27/2020,1418,155205,5,9313,770,131098,82298,7680531
Canada,9/28/2020,2238,157443,10,9323,1509,132607,102626,7783157
Canada,9/29/2020,1650,159093,13,9336,1130,133737,83158,7866315
Canada,9/30/2020,1834,160927,6,9342,1234,134971,81258,7947573
Canada,10/1/2020,1816,162743,22,9364,1379,136350,87439,8035012
Canada,10/2/2020,2118,164861,98,9462,1264,137614,86529,8121541
Canada,10/3/2020,1801,166662,52,9514,1253,138867,82044,8203585
Canada,10/4/2020,1625,168287,14,9528,1375,140242,77840,8281425
Canada,10/5/2020,2878,171165,24,9552,2091,142333,107969,8389394
Canada,10/6/2020,2393,173558,27,9579,1661,143994,83893,8473287
Canada,10/7/2020,1845,175403,11,9590,1672,145666,82344,8555631
Canada,10/8/2020,2472,177875,14,9604,1842,147508,99962,8655593
Canada,10/9/2020,2527,180402,29,9633,1916,149424,103648,8759241
Canada,10/10/2020,2118,182520,23,9656,1933,151357,81042,8840283
Canada,10/11/2020,1628,184148,6,9662,1862,153219,78700,8918983
Canada,10/12/2020,1731,185879,15,9677,1039,154258,32842,8951825
Canada,10/13/2020,3400,189279,24,9701,3228,157486,139416,9091241
Canada,10/14/2020,2533,191812,11,9712,1865,159351,69249,9160490
Canada,10/15/2020,2258,194070,40,9752,2139,161490,79839,9240329
Canada,10/16/2020,2604,196674,23,9775,2154,163644,82467,9322796
Canada,10/17/2020,2025,198699,19,9794,1802,165446,79916,9402712
Canada,10/18/2020,1806,200505,14,9808,1666,167112,70876,9473588
Canada,10/19/2020,3237,203742,18,9826,2559,169671,87319,9560907
Canada,10/20/2020,2333,206075,18,9844,2072,171743,59070,9619977
Canada,10/21/2020,2693,208768,35,9879,2005,173748,74301,9694278
Canada,10/22/2020,2827,211595,33,9912,2057,175805,81382,9775660
Canada,10/23/2020,2639,214234,24,9936,2074,177879,79838,9855498
Canada,10/24/2020,2244,216478,31,9967,1757,179636,74026,9929524
Canada,10/25/2020,2076,218554,24,9991,1793,181429,74148,10003672
Canada,10/26/2020,4145,222699,27,10018,2877,184306,85531,10089203
Canada,10/27/2020,2704,225403,28,10046,2158,186464,55800,10145003
Canada,10/28/2020,2657,228060,34,10080,2403,188867,67644,10212647
Canada,10/29/2020,3003,231063,42,10122,2341,191208,74341,10286988
Canada,10/30/2020,3565,234628,38,10160,2729,193937,80697,10367685
Canada,10/31/2020,2377,237005,25,10185,1939,195876,70856,10438541
Canada,11/1/2020,2296,239301,39,10224,1853,197729,64935,10503476
Canada,11/2/2020,3537,242838,33,10257,2323,200052,79884,10583360
Canada,11/3/2020,4761,247599,73,10330,3457,203509,46129,10629489
Canada,11/4/2020,3286,250885,56,10386,2528,206037,47972,10677461
Canada,11/5/2020,3151,254036,47,10433,1961,207998,66841,10744302
Canada,11/6/2020,4506,258542,56,10489,3239,211237,92515,10836817
Canada,11/7/2020,3430,261972,55,10544,1857,213094,59633,10896450
Canada,11/8/2020,3169,265141,27,10571,1911,215005,57281,10953731
Canada,11/9/2020,6494,271635,47,10618,3395,218400,72164,11025895
Canada,11/10/2020,4496,276131,67,10685,2879,221279,52045,11077940
Canada,11/11/2020,3263,279394,59,10744,1920,223199,53965,11131905
Canada,11/12/2020,6198,285592,81,10825,3576,226775,80932,11212837
Canada,11/13/2020,4772,290364,56,10881,3871,230646,67881,11280718
Canada,11/14/2020,3394,293758,61,10942,2269,232915,63861,11344579
Canada,11/15/2020,3240,296998,52,10994,2486,235401,59043,11403622
Canada,11/16/2020,8087,305085,74,11068,4886,240287,82321,11485943
Canada,11/17/2020,4478,309563,62,11130,3865,244152,50702,11536645
Canada,11/18/2020,4517,314080,100,11230,4169,248321,60491,11597136
Canada,11/19/2020,4792,318872,76,11306,3973,252294,74851,11671987
Canada,11/20/2020,5003,323875,72,11378,4352,256646,277844,11949831
Canada,11/21/2020,4931,328806,70,11448,3752,260398,84153,12033984
Canada,11/22/2020,4696,333502,49,11497,3651,264049,82559,12116543
Canada,11/23/2020,6885,340387,63,11560,5150,269199,110411,12226954
Canada,11/24/2020,5261,345648,104,11664,4192,273391,69883,12296837
Canada,11/25/2020,5101,350749,86,11750,3841,277232,78825,12375662
Canada,11/26/2020,5661,356410,89,11839,3697,280929,85184,12460846
Canada,11/27/2020,5988,362398,103,11942,5571,286500,118732,12579578
Canada,11/28/2020,5684,368082,76,12018,4188,290688,94223,12673801
Canada,11/29/2020,5381,373463,52,12070,3701,294389,94005,12767806
Canada,11/30/2020,7877,381340,101,12171,5583,299972,125325,12893131
Canada,12/1/2020,5661,387001,91,12262,4916,304888,78388,12971519
Canada,12/2/2020,6384,393385,112,12374,4998,309886,93312,13064831
Canada,12/3/2020,6213,399598,84,12458,4732,314618,105567,13170398
Canada,12/4/2020,6408,406006,95,12553,5480,320098,150377,13320775
Canada,12/5/2020,6279,412285,88,12641,4784,324882,99954,13420729
Canada,12/6/2020,6317,418602,82,12723,4256,329138,100581,13521310
Canada,12/7/2020,7879,426481,109,12832,9603,338741,118963,13640273
Canada,12/8/2020,6156,432637,96,12928,5458,344199,80761,13721034
Canada,12/9/2020,6368,439005,122,13050,5811,350010,94943,13815977
Canada,12/10/2020,6673,445678,125,13175,5725,355735,111227,13927204
Canada,12/11/2020,6750,452428,123,13298,6565,362300,119871,14047075
Canada,12/12/2020,5903,458331,105,13403,6174,368474,104756,14151831
Canada,12/13/2020,5879,464210,78,13481,4779,373253,99608,14251439
Canada,12/14/2020,8506,472716,124,13605,6214,379467,135269,14386708
Canada,12/15/2020,6169,478885,111,13716,6508,385975,83980,14470688
Canada,12/16/2020,6492,485377,132,13848,5971,391946,99144,14569832
Canada,12/17/2020,7078,492455,118,13966,6466,398412,110190,14680022
Canada,12/18/2020,6697,499152,119,14085,7199,405611,118545,14798567
Canada,12/19/2020,6359,505511,125,14210,5774,411385,103815,14902382
Canada,12/20/2020,5858,511369,64,14274,5312,416697,104683,15007065
Canada,12/21/2020,7804,519173,111,14385,6913,423610,5966,15013031
Canada,12/22/2020,6253,525426,103,14488,7951,431561,84885,15097916
Canada,12/23/2020,6943,532369,179,14667,6891,438452,100192,15198108
Canada,12/24/2020,5683,538052,121,14788,5612,444064,108388,15306496
Canada,12/25/2020,549,538601,5,14793,2,444066,80005,15386501
Canada,12/26/2020,1894,540495,11,14804,4157,448223,64077,15450578
Canada,12/27/2020,9655,550150,157,14961,3008,451231,55838,15506416
Canada,12/28/2020,10583,560733,271,15232,16893,468124,50784,15557200
Canada,12/29/2020,8828,569561,210,15442,9733,477857,91098,15648298
Canada,12/30/2020,7608,577169,119,15561,6726,484583,68313,15716611
Canada,12/31/2020,7122,584291,119,15680,5230,489813,79920,15796531
Canada,1/1/2021,868,585159,14,15694,2466,492279,162811,15959342
Canada,1/2/2021,4550,589709,48,15742,2804,495083,89636,16048978
Canada,1/3/2021,12223,601932,170,15912,2482,497565,67945,16116923
Canada,1/4/2021,13996,615928,219,16131,20319,517884,88714,16205637
Canada,1/5/2021,7351,623279,164,16295,4680,522564,65132,16270769
Canada,1/6/2021,7942,631221,171,16466,8663,531227,90047,16360816
Canada,1/7/2021,8169,639390,178,16644,7040,538267,106855,16467671
Canada,1/8/2021,9285,648675,154,16798,7704,545971,114917,16582588
Canada,1/9/2021,8413,657088,130,16928,6417,552388,103200,16685788
Canada,1/10/2021,7015,664103,83,17011,6384,558772,93268,16779056
Canada,1/11/2021,8773,672876,150,17161,9801,568573,92949,16872005
Canada,1/12/2021,6051,678927,165,17326,7874,576447,75957,16947962
Canada,1/13/2021,7174,686101,149,17475,8205,584652,91323,17039285
Canada,1/14/2021,7501,693602,149,17624,8746,593398,113896,17153181
Canada,1/15/2021,6876,700478,148,17772,8513,601911,115673,17268854
Canada,1/16/2021,6343,706821,141,17913,6174,608085,103447,17372301
Canada,1/17/2021,5946,712767,146,18059,7240,615325,87270,17459571
Canada,1/18/2021,6553,719320,115,18174,7708,623033,89445,17549016
Canada,1/19/2021,5156,724476,151,18325,7397,630430,62175,17611191
Canada,1/20/2021,5518,729994,201,18526,8190,638620,94738,17705929
Canada,1/21/2021,6210,736204,165,18691,7109,645729,109600,17815529
Canada,1/22/2021,5761,741965,187,18878,7100,652829,110825,17926354
Canada,1/23/2021,4988,746953,138,19016,6155,658984,94241,18020595
Canada,1/24/2021,4454,751407,110,19126,5637,664621,90786,18111381
Canada,1/25/2021,5855,757262,165,19291,6706,671327,85018,18196399
Canada,1/26/2021,4080,761342,157,19448,6742,678069,60486,18256885
Canada,1/27/2021,4269,765611,132,19580,5884,683953,95085,18351970
Canada,1/28/2021,4837,770448,122,19702,5469,689422,104318,18456288
Canada,1/29/2021,4825,775273,152,19854,6261,695683,109438,18565726
Canada,1/30/2021,3946,779219,128,19982,5241,700924,84875,18650601
Canada,1/31/2021,3897,783116,73,20055,4739,705663,72820,18723421
Canada,2/1/2021,4577,787693,109,20164,6048,711711,80505,18803926
Canada,2/2/2021,2960,790653,107,20271,4934,716645,55183,18859109
Canada,2/3/2021,3211,793864,123,20394,4433,721078,84050,18943159
Canada,2/4/2021,4081,797945,125,20519,4433,725511,106069,19049228
Canada,2/5/2021,4023,801968,105,20624,5223,730734,95973,19145201
Canada,2/6/2021,3288,805256,90,20714,3914,734648,89879,19235080
Canada,2/7/2021,3100,808356,58,20772,4122,738770,73247,19308327
Canada,2/8/2021,3875,812231,68,20840,8344,747114,68452,19376779
Canada,2/9/2021,2637,814868,90,20930,3599,750713,57479,19434258
Canada,2/10/2021,3226,818094,88,21018,4028,754741,85826,19520084
Canada,2/11/2021,3191,821285,94,21112,3592,758333,104467,19624551
Canada,2/12/2021,3450,824735,74,21186,3872,762205,95904,19720455
Canada,2/13/2021,3020,827755,71,21257,3267,765472,83694,19804149
Canada,2/14/2021,2044,829799,31,21288,3039,768511,71538,19875687
Canada,2/15/2021,2027,831826,24,21312,2594,771105,47562,19923249
Canada,2/16/2021,4086,835912,100,21412,5108,776213,77048,20000297
Canada,2/17/2021,2721,838633,44,21456,3553,779766,64993,20065290
Canada,2/18/2021,3384,842017,72,21528,3651,783417,93286,20158576
Canada,2/19/2021,3111,845128,73,21601,3357,786774,103836,20262412
Canada,2/20/2021,2619,847747,44,21645,3072,789846,83804,20346216
Canada,2/21/2021,2320,850067,41,21686,2762,792608,69640,20415856
Canada,2/22/2021,3980,854047,47,21733,4027,796635,71328,20487184
Canada,2/23/2021,2803,856850,43,21776,3200,799835,54136,20541320
Canada,2/24/2021,2892,859742,46,21822,3095,802930,90009,20631329
Canada,2/25/2021,3157,862899,56,21878,3092,806022,102664,20733993
Canada,2/26/2021,3222,866121,49,21927,3024,809046,100855,20834848
Canada,2/27/2021,2559,868680,48,21975,2331,811377,84003,20918851
Canada,2/28/2021,2231,870911,27,22002,2406,813783,77226,20996077
Canada,3/1/2021,3778,874689,26,22028,3808,817591,79132,21075209
Canada,3/2/2021,2693,877382,30,22058,2864,820455,61601,21136810
Canada,3/3/2021,2756,880138,58,22116,3073,823528,96548,21233358
Canada,3/4/2021,3014,883152,50,22166,2813,826341,103381,21336739
Canada,3/5/2021,3242,886394,33,22199,3087,829428,99429,21436168
Canada,3/6/2021,2434,888828,21,22220,2473,831901,83235,21519403
Canada,3/7/2021,2230,891058,21,22241,2171,834072,70116,21589519
Canada,3/8/2021,4444,895502,38,22279,4023,838095,89389,21678908
Canada,3/9/2021,2922,898424,35,22314,2945,841040,56523,21735431
Canada,3/10/2021,3084,901508,28,22342,2927,843967,89689,21825120
Canada,3/11/2021,3284,904792,38,22380,2752,846719,96834,21921954
Canada,3/12/2021,3565,908357,32,22412,3334,850053,99590,22021544
Canada,3/13/2021,3023,911380,28,22440,2495,852548,82246,22103790
Canada,3/14/2021,2668,914048,26,22466,2477,855025,70011,22173801
Canada,3/15/2021,3963,918011,32,22498,3902,858927,79140,22252941
Canada,3/16/2021,3012,921023,26,22524,2910,861837,57319,22310260
Canada,3/17/2021,3433,924456,37,22561,3253,865090,84227,22394487
Canada,3/18/2021,3699,928155,30,22591,2893,867983,95853,22490340
Canada,3/19/2021,4347,932502,27,22618,3070,871053,94855,22585195
Canada,3/20/2021,3437,935939,31,22649,2542,873595,78849,22664044
Canada,3/21/2021,3101,939040,25,22674,2510,876105,75230,22739274
Canada,3/22/2021,5036,944076,44,22718,4057,880162,74536,22813810
Canada,3/23/2021,3711,947787,20,22738,3118,883280,63034,22876844
Canada,3/24/2021,3985,951772,26,22764,3237,886517,91356,22968200
Canada,3/25/2021,5266,957038,30,22794,3338,889855,109099,23077299
Canada,3/26/2021,5183,962221,35,22829,3619,893474,89887,23167186
Canada,3/27/2021,4502,966723,21,22850,2737,896211,90509,23257695
Canada,3/28/2021,4099,970822,24,22874,2728,898939,79540,23337235
Canada,3/29/2021,6502,977324,20,22894,4673,903612,88770,23426005
Canada,3/30/2021,5003,982327,30,22924,3670,907282,73108,23499113
Canada,3/31/2021,5719,988046,38,22962,4016,911298,98042,23597155
Canada,4/1/2021,5846,993892,52,23014,4053,915351,114280,23711435
Canada,4/2/2021,4228,998120,19,23033,2999,918350,98291,23809726
Canada,4/3/2021,7235,1005355,16,23049,3112,921462,89870,23899596
Canada,4/4/2021,4086,1009441,23,23072,1065,922527,71553,23971149
Canada,4/5/2021,10380,1019821,41,23113,10058,932585,60918,24032067
Canada,4/6/2021,7437,1027258,32,23145,4876,937461,113602,24145669
Canada,4/7/2021,7401,1034659,35,23180,5277,942738,93292,24238961
Canada,4/8/2021,8215,1042874,32,23212,5646,948384,112453,24351414
Canada,4/9/2021,9188,1052062,37,23249,5635,954019,113507,24464921
Canada,4/10/2021,7280,1059342,34,23283,4616,958635,98415,24563336
Canada,4/11/2021,7509,1066851,25,23308,4762,963397,90470,24653806
Canada,4/12/2021,11116,1077967,41,23349,7452,970849,111552,24765358
Canada,4/13/2021,7343,1085310,48,23397,6034,976883,86676,24852034
Canada,4/14/2021,9181,1094491,53,23450,6629,983512,103165,24955199
Canada,4/15/2021,9591,1104082,55,23505,6567,990079,128579,25083778
Canada,4/16/2021,9329,1113411,41,23546,7128,997207,106793,25190571
Canada,4/17/2021,7342,1120753,47,23593,6351,1003558,94001,25284572
Canada,4/18/2021,7682,1128435,38,23631,5994,1009552,88614,25373186
Canada,4/19/2021,10545,1138980,40,23671,10233,1019785,105923,25479109
Canada,4/20/2021,7279,1146259,50,23721,7679,1027464,82546,25561655
Canada,4/21/2021,6443,1152702,62,23783,7076,1034540,103554,25665209
Canada,4/22/2021,10803,1163505,42,23825,10708,1045248,106294,25771503
Canada,4/23/2021,8609,1172114,55,23880,9101,1054349,111746,25883249
Canada,4/24/2021,7127,1179241,41,23921,7363,1061712,95903,25979152
Canada,4/25/2021,6695,1185936,35,23956,7086,1068798,85723,26064875
Canada,4/26/2021,9222,1195158,58,24014,9922,1078720,102642,26167517
Canada,4/27/2021,7035,1202193,53,24067,7889,1086609,84573,26252090
Canada,4/28/2021,8084,1210277,68,24135,8502,1095111,115524,26367614
Canada,4/29/2021,9176,1219453,53,24188,8355,1103466,119332,26486946
Canada,4/30/2021,8117,1227570,54,24242,8427,1111893,114863,26601809
Canada,5/1/2021,7575,1235145,22,24264,7347,1119240,102347,26704156
Canada,5/2/2021,7068,1242213,22,24286,6906,1126146,93663,26797819
Canada,5/3/2021,8733,1250946,65,24351,9221,1135367,96958,26894777
Canada,5/4/2021,6699,1257645,66,24417,7463,1142830,105775,27000552
Canada,5/5/2021,7815,1265460,46,24463,8383,1151213,106173,27106725
Canada,5/6/2021,7830,1273290,39,24502,8299,1159512,114354,27221079
Canada,5/7/2021,7677,1280967,38,24540,7916,1167428,93050,27314129
Canada,5/8/2021,6664,1287631,31,24571,6929,1174357,90442,27404571
Canada,5/9/2021,6447,1294078,24,24595,6900,1181257,89367,27493938
Canada,5/10/2021,7445,1301523,82,24677,8435,1189692,189594,27683532
Canada,5/11/2021,5355,1306878,38,24715,7133,1196825,101354,27784886
Canada,5/12/2021,6539,1313417,57,24772,7509,1204334,92691,27877577
Canada,5/13/2021,6388,1319805,63,24835,7780,1212114,97703,27975280
Canada,5/14/2021,6150,1325955,43,24878,8002,1220116,92331,28067611
Canada,5/15/2021,5091,1331046,27,24905,6754,1226870,81594,28149205
Canada,5/16/2021,4748,1335794,14,24919,6423,1233293,66421,28215626
Canada,5/17/2021,5286,1341080,64,24983,8207,1241500,73729,28289355
Canada,5/18/2021,3834,1344914,36,25019,6882,1248382,63032,28352387
Canada,5/19/2021,4999,1349913,49,25068,7332,1255714,81404,28433791
Canada,5/20/2021,4732,1354645,45,25113,6652,1262366,85941,28519732
Canada,5/21/2021,4505,1359150,54,25167,6623,1268989,77767,28597499
Canada,5/22/2021,3561,1362711,29,25196,5675,1274664,66412,28663911
Canada,5/23/2021,3295,1366006,24,25220,5471,1280135,56310,28720221
Canada,5/24/2021,2951,1368957,38,25258,6418,1286553,57561,28777782
Canada,5/25/2021,3302,1372259,63,25321,5773,1292326,42702,28820484
Canada,5/26/2021,2575,1374834,42,25363,5634,1297960,53083,28873567
Canada,5/27/2021,2933,1377767,47,25410,5595,1303555,75027,28948594
Canada,5/28/2021,3096,1380863,32,25442,5377,1308932,76428,29025022
Canada,5/29/2021,2392,1383255,30,25472,4516,1313448,58530,29083552
Canada,5/30/2021,2112,1385367,24,25496,4076,1317524,48916,29132468
Canada,5/31/2021,2687,1388054,47,25543,4758,1322282,52640,29185108
Canada,6/1/2021,1601,1389655,22,25565,4202,1326484,48817,29233925
Canada,6/2/2021,2260,1391915,45,25610,3905,1330389,65679,29299604
Canada,6/3/2021,2186,1394101,36,25646,3622,1334011,65885,29365489
Canada,6/4/2021,2051,1396152,38,25684,3243,1337254,60656,29426145
Canada,6/5/2021,1401,1397553,19,25703,2869,1340123,49682,29475827
Canada,6/6/2021,1360,1398913,8,25711,2522,1342645,40595,29516422
Canada,6/7/2021,1639,1400552,49,25760,2878,1345523,45499,29561921
Canada,6/8/2021,1213,1401765,33,25793,2557,1348080,42319,29604240
Canada,6/9/2021,1609,1403374,41,25834,2498,1350578,61773,29666013
Canada,6/10/2021,1340,1404714,32,25866,2569,1353147,58044,29724057
Canada,6/11/2021,1407,1406121,16,25882,2272,1355419,58480,29782537
Canada,6/12/2021,1196,1407317,19,25901,2074,1357493,45125,29827662
Canada,6/13/2021,997,1408314,10,25911,1749,1359242,39888,29867550
Canada,6/14/2021,1233,1409547,24,25935,2145,1361387,44035,29911585
Canada,6/15/2021,854,1410401,24,25959,1812,1363199,44078,29955663
Canada,6/16/2021,1095,1411496,48,26007,1799,1364998,58221,30013884
Canada,6/17/2021,1101,1412597,12,26019,1803,1366801,60051,30073935
Canada,6/18/2021,989,1413586,22,26041,1648,1368449,55962,30129897
Canada,6/19/2021,845,1414431,22,26063,1401,1369850,43048,30172945
Canada,6/20/2021,610,1415041,13,26076,1150,1371000,36325,30209270
Canada,6/21/2021,944,1415985,44,26120,1491,1372491,42353,30251623
Canada,6/22/2021,530,1416515,22,26142,1409,1373900,33179,30284802
Canada,6/23/2021,713,1417228,18,26160,1204,1375104,53488,30338290
Canada,6/24/2021,727,1417955,19,26179,1007,1376111,54939,30393229
Canada,6/25/2021,631,1418586,13,26192,810,1376921,44693,30437922
Canada,6/26/2021,437,1419023,9,26201,809,1377730,32459,30470381
Canada,6/27/2021,414,1419437,2,26203,620,1378350,24491,30494872
Canada,6/28/2021,1110,1420547,27,26230,1771,1380121,68571,30563443
Canada,6/29/2021,450,1420997,32,26262,951,1381072,48222,30611665
Canada,6/30/2021,612,1421609,29,26291,841,1381913,52030,30663695
Canada,7/1/2021,127,1421736,2,26293,124,1382037,5254,30668949
Canada,7/2/2021,855,1422591,30,26323,1609,1383646,92673,30761622
Canada,7/3/2021,307,1422898,3,26326,411,1384057,22238,30783860
Canada,7/4/2021,255,1423153,8,26334,393,1384450,23644,30807504
Canada,7/5/2021,888,1424041,18,26352,1048,1385498,54368,30861872
Canada,7/6/2021,298,1424339,13,26365,733,1386231,51790,30913662
Canada,7/7/2021,561,1424900,8,26373,555,1386786,74109,30987771
Canada,7/8/2021,550,1425450,19,26392,505,1387291,51208,31038979
Canada,7/9/2021,769,1426219,11,26403,829,1388120,51788,31090767
Canada,7/10/2021,244,1426463,3,26406,316,1388436,30082,31120849
Canada,7/11/2021,167,1426630,4,26410,359,1388795,24200,31145049
Canada,7/12/2021,734,1427364,12,26422,751,1389546,71564,31216613
Canada,7/13/2021,306,1427670,12,26434,514,1390060,38391,31255004
Canada,7/14/2021,365,1428035,11,26445,482,1390542,56265,31311269
Canada,7/15/2021,418,1428453,15,26460,393,1390935,57244,31368513
Canada,7/16/2021,406,1428859,11,26471,468,1391403,53595,31422108
Canada,7/17/2021,326,1429185,3,26474,388,1391791,26194,31448302
Canada,7/18/2021,302,1429487,3,26477,429,1392220,19448,31467750
Canada,7/19/2021,633,1430120,10,26487,578,1392798,66554,31534304
Canada,7/20/2021,327,1430447,5,26492,335,1393133,33807,31568111
Canada,7/21/2021,503,1430950,4,26496,339,1393472,51690,31619801
Canada,7/22/2021,401,1431351,12,26508,591,1394063,139959,31759760
Canada,7/23/2021,586,1431937,15,26523,553,1394616,47187,31806947
Canada,7/24/2021,356,1432293,6,26529,271,1394887,21710,31828657
Canada,7/25/2021,264,1432557,3,26532,299,1395186,16319,31844976
Canada,7/26/2021,1044,1433601,4,26536,570,1395756,73541,31918517
Canada,7/27/2021,568,1434169,7,26543,442,1396198,34688,31953205
Canada,7/28/2021,789,1434958,11,26554,450,1396648,48072,32001277
Canada,7/29/2021,906,1435864,14,26568,391,1397039,47463,32048740
Canada,7/30/2021,933,1436797,11,26579,412,1397451,50793,32099533
Canada,7/31/2021,388,1437185,5,26584,305,1397756,19779,32119312
Canada,8/1/2021,275,1437460,0,26584,299,1398055,14574,32133886
Canada,8/2/2021,247,1437707,2,26586,186,1398241,13905,32147791
Canada,8/3/2021,2326,1440033,8,26594,1189,1399430,99839,32247630
Canada,8/4/2021,980,1441013,13,26607,551,1399981,41633,32289263
Canada,8/5/2021,1530,1442543,18,26625,607,1400588,56001,32345264
Canada,8/6/2021,1575,1444118,12,26637,643,1401231,57024,32402288
Canada,8/7/2021,572,1444690,2,26639,367,1401598,21545,32423833
Canada,8/8/2021,605,1445295,0,26639,451,1402049,15526,32439359
Canada,8/9/2021,3170,1448465,15,26654,1319,1403368,87485,32526844
Canada,8/10/2021,1346,1449811,4,26658,838,1404206,41831,32568675
Canada,8/11/2021,1970,1451781,6,26664,863,1405069,71049,32639724
Canada,8/12/2021,2137,1453918,7,26671,945,1406014,66381,32706105
Canada,8/13/2021,2454,1456372,6,26677,1038,1407052,58066,32764171
Canada,8/14/2021,901,1457273,3,26680,580,1407632,24100,32788271
Canada,8/15/2021,750,1458023,-1,26679,611,1408243,19877,32808148
Canada,8/16/2021,4359,1462382,8,26687,1851,1410094,109676,32917824
Canada,8/17/2021,1868,1464250,14,26701,1193,1411287,45015,32962839
Canada,8/18/2021,2521,1466771,52,26753,1340,1412627,61884,33024723
Canada,8/19/2021,2859,1469630,14,26767,1638,1414265,63358,33088081
Canada,8/20/2021,2967,1472597,15,26782,1557,1415822,76028,33164109
Canada,8/21/2021,930,1473527,-2,26780,908,1416730,26880,33190989
Canada,8/22/2021,867,1474394,0,26780,938,1417668,23813,33214802
Canada,8/23/2021,5974,1480368,26,26806,4926,1422594,100461,33315263
Canada,8/24/2021,2398,1482766,23,26829,2041,1424635,55015,33370278
Canada,8/25/2021,3153,1485919,14,26843,2372,1427007,87993,33458271
Canada,8/26/2021,3494,1489413,11,26854,1912,1428919,59394,33517665
Canada,8/27/2021,3795,1493208,15,26869,2741,1431660,71896,33589561
Canada,8/28/2021,1305,1494513,7,26876,1136,1432796,29867,33619428
Canada,8/29/2021,1085,1495598,2,26878,1261,1434057,23678,33643106
Canada,8/30/2021,7333,1502931,19,26897,4312,1438369,120022,33763128
Canada,8/31/2021,2921,1505852,19,26916,2571,1440940,47760,33810888
Canada,9/1/2021,4001,1509853,28,26944,2868,1443808,72258,33883146
Canada,9/2/2021,4012,1513865,25,26969,2767,1446575,71512,33954658
Canada,9/3/2021,4264,1518129,17,26986,2976,1449551,67679,34022337
Canada,9/4/2021,1488,1519617,6,26992,1531,1451082,27682,34050019
Canada,9/5/2021,1454,1521071,3,26995,1333,1452415,23423,34073442
Canada,9/6/2021,1113,1522184,2,26997,806,1453221,3112,34076554
Canada,9/7/2021,10223,1532407,51,27048,15351,1468572,171461,34248015
Canada,9/8/2021,3718,1536125,40,27088,3369,1471941,57005,34305020
Canada,9/9/2021,4228,1540353,28,27116,3309,1475250,74015,34379035
Canada,9/10/2021,4685,1545038,39,27155,3521,1478771,76075,34455110
Canada,9/11/2021,1815,1546853,6,27161,1272,1480043,27636,34482746
Canada,9/12/2021,1489,1548342,7,27168,1263,1481306,24753,34507499
Canada,9/13/2021,9538,1557880,45,27213,7496,1488802,138618,34646117
Canada,9/14/2021,3993,1561873,28,27241,3798,1492600,58511,34704628
Canada,9/15/2021,4461,1566334,39,27280,4189,1496789,83091,34787719
Canada,9/16/2021,4670,1571004,21,27301,3845,1500634,86961,34874680
Canada,9/17/2021,5102,1576106,49,27350,4105,1504739,91626,34966306
Canada,9/18/2021,1783,1577889,5,27355,1449,1506188,32507,34998813
Canada,9/19/2021,1764,1579653,8,27363,1328,1507516,31323,35030136
Canada,9/20/2021,9048,1588701,47,27410,8160,1515676,89599,35119735
Canada,9/21/2021,3721,1592422,56,27466,4197,1519873,66264,35185999
Canada,9/22/2021,4061,1596483,49,27515,4431,1524304,89999,35275998
Canada,9/23/2021,4606,1601089,43,27558,4473,1528777,96609,35372607
Canada,9/24/2021,4573,1605662,38,27596,4509,1533286,95673,35468280
Canada,9/25/2021,1017,1606679,11,27607,890,1534176,39612,35507892
Canada,9/26/2021,975,1607654,4,27611,729,1534905,36878,35544770
Canada,9/27/2021,11561,1619215,63,27674,10521,1545426,162748,35707518
Canada,9/28/2021,3462,1622677,55,27729,5015,1550441,66013,35773531
Canada,9/29/2021,4284,1626961,66,27795,4525,1554966,91409,35864940
Canada,9/30/2021,3534,1630495,41,27836,3465,1558431,32614,35897554
Canada,10/1/2021,5607,1636102,61,27897,5133,1563564,123028,36020582
Canada,10/2/2021,1587,1637689,18,27915,1449,1565013,34779,36055361
Canada,10/3/2021,1263,1638952,7,27922,1553,1566566,36295,36091656
Canada,10/4/2021,8667,1647619,52,27974,8765,1575331,187010,36278666
Canada,10/5/2021,2648,1650267,55,28029,4670,1580001,61894,36340560
Canada,10/6/2021,3817,1654084,54,28083,4368,1584369,92228,36432788
Canada,10/7/2021,4020,1658104,30,28113,4139,1588508,94674,36527462
Canada,10/8/2021,4200,1662304,41,28154,4416,1592924,90764,36618226
Canada,10/9/2021,1478,1663782,7,28161,1387,1594311,35162,36653388
Canada,10/10/2021,1369,1665151,8,28169,1435,1595746,33210,36686598
Canada,10/11/2021,1214,1666365,10,28179,1254,1597000,2486,36689084
Canada,10/12/2021,8044,1674409,80,28259,12019,1609019,189864,36878948
Canada,10/13/2021,2650,1677059,79,28338,3817,1612836,59727,36938675
Canada,10/14/2021,3230,1680289,52,28390,3774,1616610,84135,37022810
Canada,10/15/2021,2752,1683041,43,28433,3395,1620005,87895,37110705
Canada,10/16/2021,2044,1685085,16,28449,2013,1622018,36157,37146862
Canada,10/17/2021,1107,1686192,12,28461,1493,1623511,30252,37177114
Canada,10/18/2021,6017,1692209,73,28534,7675,1631186,135621,37312735
Canada,10/19/2021,2172,1694381,40,28574,3908,1635094,58756,37371491
Canada,10/20/2021,2730,1697111,41,28615,3729,1638823,77545,37449036
Canada,10/21/2021,2898,1700009,27,28642,3364,1642187,78904,37527940
Canada,10/22/2021,2608,1702617,56,28698,2916,1645103,73693,37601633
Canada,10/23/2021,1001,1703618,15,28713,1263,1646366,29944,37631577
Canada,10/24/2021,851,1704469,4,28717,1211,1647577,27137,37658714
Canada,10/25/2021,4887,1709356,57,28774,6027,1653604,122285,37780999
Canada,10/26/2021,1806,1711162,35,28809,2836,1656440,53538,37834537
Canada,10/27/2021,2549,1713711,41,28850,3133,1659573,75768,37910305
Canada,10/28/2021,2653,1716364,47,28897,2543,1662116,75538,37985843
Canada,10/29/2021,2565,1718929,25,28922,2641,1664757,71343,38057186
Canada,10/30/2021,958,1719887,9,28931,889,1665646,28791,38085977
Canada,10/31/2021,938,1720825,4,28935,963,1666609,26866,38112843
Canada,11/1/2021,4432,1725257,58,28993,5395,1672004,111559,38224402
Canada,11/2/2021,1915,1727172,34,29027,2605,1674609,51443,38275845
Canada,11/3/2021,2283,1729455,39,29066,2569,1677178,72239,38348084
Canada,11/4/2021,2626,1732081,18,29084,2528,1679706,78649,38426733
Canada,11/5/2021,2526,1734607,15,29099,2273,1681979,73400,38500133
Canada,11/6/2021,1092,1735699,9,29108,891,1682870,31235,38531368
Canada,11/7/2021,991,1736690,10,29118,904,1683774,28268,38559636
Canada,11/8/2021,5300,1741990,40,29158,4914,1688688,125607,38685243
Canada,11/9/2021,2324,1744314,29,29187,2651,1691339,54425,38739668
Canada,11/10/2021,2724,1747038,29,29216,2386,1693725,75475,38815143
Canada,11/11/2021,1223,1748261,13,29229,891,1694616,44064,38859207
Canada,11/12/2021,4186,1752447,46,29275,3925,1698541,100661,38959868
Canada,11/13/2021,1079,1753526,11,29286,1049,1699590,28102,38987970
Canada,11/14/2021,1040,1754566,7,29293,951,1700541,25594,39013564
Canada,11/15/2021,4854,1759420,53,29346,5137,1705678,116917,39130481
Canada,11/16/2021,1812,1761232,26,29372,2737,1708415,48452,39178933
Canada,11/17/2021,2622,1763854,25,29397,2534,1710949,66202,39245135
Canada,11/18/2021,2746,1766600,31,29428,2654,1713603,77274,39322409
Canada,11/19/2021,2908,1769508,18,29446,2566,1716169,70932,39393341
Canada,11/20/2021,1364,1770872,5,29451,1124,1717293,32594,39425935
Canada,11/21/2021,1138,1772010,5,29456,1140,1718433,31260,39457195
Canada,11/22/2021,5028,1777038,32,29488,5084,1723517,113256,39570451
Canada,11/23/2021,2230,1779268,37,29525,2678,1726195,42693,39613144
Canada,11/24/2021,2711,1781979,25,29550,2249,1728444,71217,39684361
Canada,11/25/2021,4215,1786194,21,29571,3696,1732140,78655,39763016
Canada,11/26/2021,3051,1789245,16,29587,2391,1734531,72603,39835619
Canada,11/27/2021,1615,1790860,11,29598,1144,1735675,33450,39869069
Canada,11/28/2021,1292,1792152,5,29603,1108,1736783,30990,39900059
Canada,11/29/2021,4920,1797072,36,29639,4875,1741658,117637,40017696
Canada,11/30/2021,2409,1799481,20,29659,2777,1744435,50460,40068156
Canada,12/1/2021,3252,1802733,24,29683,2532,1746967,73262,40141418
Canada,12/2/2021,3274,1806007,23,29706,2736,1749703,57437,40198855
Canada,12/3/2021,3564,1809571,23,29729,2717,1752420,84489,40283344
Canada,12/4/2021,1997,1811568,2,29731,1382,1753802,38205,40321549
Canada,12/5/2021,1803,1813371,3,29734,1451,1755253,33170,40354719
Canada,12/6/2021,5986,1819357,36,29770,5245,1760498,122417,40477136
Canada,12/7/2021,2984,1822341,33,29803,3168,1763666,57958,40535094
Canada,12/8/2021,3801,1826142,26,29829,2707,1766373,81597,40616691
Canada,12/9/2021,4193,1830335,16,29845,2719,1769092,83856,40700547
Canada,12/10/2021,3097,1833432,23,29868,2884,1771976,105336,40805883
Canada,12/11/2021,4707,1838139,7,29875,1821,1773797,44442,40850325
Canada,12/12/2021,2453,1840592,2,29877,1763,1775560,40415,40890740
Canada,12/13/2021,8034,1848626,29,29906,6013,1781573,152025,41042765
Canada,12/14/2021,4499,1853125,33,29939,3387,1784960,70347,41113112
Canada,12/15/2021,6253,1859378,25,29964,3153,1788113,93251,41206363
Canada,12/16/2021,7611,1866989,15,29979,3490,1791603,106597,41312960
Canada,12/17/2021,9265,1876254,20,29999,4188,1795791,105649,41418609
Canada,12/18/2021,5445,1881699,4,30003,2422,1798213,57112,41475721
Canada,12/19/2021,6026,1887725,3,30006,2311,1800524,56814,41532535
Canada,12/20/2021,19350,1907075,20,30026,7366,1807890,198096,41730631
Canada,12/21/2021,12252,1919327,30,30056,5053,1812943,103745,41834376
Canada,12/22/2021,15684,1935011,27,30083,4424,1817367,114362,41948738
Canada,12/23/2021,22620,1957631,17,30100,5502,1822869,132916,42081654
Canada,12/24/2021,26234,1983865,14,30114,6679,1829548,116038,42197692
Canada,12/25/2021,16082,1999947,5,30119,4102,1833650,92986,42290678
Canada,12/26/2021,13666,2013613,3,30122,4500,1838150,76879,42367557
Canada,12/27/2021,25073,2038686,29,30151,8605,1846755,139669,42507226
Canada,12/28/2021,23768,2062454,28,30179,8241,1854996,87620,42594846
Canada,12/29/2021,54725,2117179,39,30218,22529,1877525,159815,42754661
Canada,12/30/2021,41698,2158877,34,30252,15114,1892639,127158,42881819
Canada,12/31/2021,46363,2205240,37,30289,16924,1909563,122912,43004731
Canada,1/1/2022,24350,2229590,8,30297,13420,1922983,18881,43023612
Canada,1/2/2022,23817,2253407,17,30314,15541,1938524,15650,43039262
Canada,1/3/2022,56181,2309588,34,30348,22912,1961436,100795,43140057
Canada,1/4/2022,45527,2355115,47,30395,33637,1995073,332076,43472133
Canada,1/5/2022,40111,2395226,55,30450,23286,2018359,118521,43590654
Canada,1/6/2022,42069,2437295,84,30534,24209,2042568,116990,43707644
Canada,1/7/2022,44405,2481700,77,30611,28489,2071057,128640,43836284
Canada,1/8/2022,23225,2504925,38,30649,20352,2091409,66894,43903178
Canada,1/9/2022,21536,2526461,53,30702,22983,2114392,56320,43959498
Canada,1/10/2022,72364,2598825,101,30803,56430,2170822,187943,44147441
Canada,1/11/2022,29361,2628186,66,30869,31936,2202758,95283,44242724
Canada,1/12/2022,35685,2663871,131,31000,40209,2242967,112131,44354855
Canada,1/13/2022,31605,2695476,108,31108,35887,2278854,109065,44463920
Canada,1/14/2022,40605,2736081,178,31286,60747,2339601,115370,44579290
Canada,1/15/2022,12934,2749015,115,31401,26766,2366367,63927,44643217
Canada,1/16/2022,11563,2760578,34,31435,21092,2387459,59413,44702630
Canada,1/17/2022,54742,2815320,205,31640,54286,2441745,155118,44857748
Canada,1/18/2022,20328,2835648,151,31791,29512,2471257,71271,44929019
Canada,1/19/2022,24040,2859688,195,31986,31481,2502738,73905,45002924
Canada,1/20/2022,22890,2882578,203,32189,41082,2543820,78196,45081120
Canada,1/21/2022,22675,2905253,148,32337,32322,2576142,77305,45158425
Canada,1/22/2022,10731,2915984,91,32428,11224,2587366,39546,45197971
Canada,1/23/2022,10007,2925991,49,32477,10658,2598024,34338,45232309
Canada,1/24/2022,24058,2950049,224,32701,38602,2636626,87263,45319572
Canada,1/25/2022,24347,2974396,235,32936,42056,2678682,80187,45399759
Canada,1/26/2022,19186,2993582,234,33170,29014,2707696,71333,45471092
Canada,1/27/2022,18105,3011687,162,33332,35427,2743123,70433,45541525
Canada,1/28/2022,17712,3029399,155,33487,22721,2765844,70858,45612383
Canada,1/29/2022,7467,3036866,83,33570,9067,2774911,32286,45644669
Canada,1/30/2022,6278,3043144,34,33604,7427,2782338,25128,45669797
Canada,1/31/2022,24751,3067895,226,33830,40566,2822904,92392,45762189
Canada,2/1/2022,11271,3079166,163,33993,16578,2839482,42992,45805181
Canada,2/2/2022,15492,3094658,177,34170,19910,2859392,59129,45864310
Canada,2/3/2022,13937,3108595,161,34331,33590,2892982,59862,45924172
Canada,2/4/2022,13963,3122558,163,34494,18886,2911868,58646,45982818
Canada,2/5/2022,5576,3128134,63,34557,6871,2918739,24088,46006906
Canada,2/6/2022,4579,3132713,41,34598,6802,2925541,19032,46025938
Canada,2/7/2022,18804,3151517,171,34769,28010,2953551,80144,46106082
Canada,2/8/2022,9068,3160585,138,34907,12817,2966368,38781,46144863
Canada,2/9/2022,11510,3172095,138,35045,15510,2981878,50445,46195308
Canada,2/10/2022,10158,3182253,121,35166,18529,3000407,49438,46244746
Canada,2/11/2022,8084,3190337,93,35259,8923,3009330,43086,46287832
Canada,2/12/2022,6704,3197041,89,35348,9553,3018883,21161,46308993
Canada,2/13/2022,5777,3202818,52,35400,5096,3023979,26934,46335927
Canada,2/14/2022,14083,3216901,132,35532,20313,3044292,75130,46411057
Canada,2/15/2022,6305,3223206,127,35659,10345,3054637,32052,46443109
Canada,2/16/2022,8326,3231532,99,35758,9917,3064554,40969,46484078
Canada,2/17/2022,7239,3238771,84,35842,13870,3078424,41041,46525119
Canada,2/18/2022,7436,3246207,64,35906,10497,3088921,43774,46568893
Canada,2/19/2022,2850,3249057,5,35911,3988,3092909,14174,46583067
Canada,2/20/2022,3585,3252642,51,35962,3250,3096159,25894,46608961
Canada,2/21/2022,2700,3255342,11,35973,4498,3100657,13282,46622243
Canada,2/22/2022,9889,3265231,128,36101,11286,3111943,70106,46692349
Canada,2/23/2022,10243,3275474,124,36225,13721,3125664,46814,46739163
Canada,2/24/2022,5837,3281311,68,36293,10124,3135788,42891,46782054
Canada,2/25/2022,7924,3289235,80,36373,7426,3143214,47835,46829889
Canada,2/26/2022,1017,3290252,9,36382,692,3143906,18033,46847922
Canada,2/27/2022,4159,3294411,67,36449,4537,3148443,24779,46872701
Canada,2/28/2022,11139,3305550,86,36535,19202,3167645,65860,46938561
Canada,3/1/2022,3321,3308871,48,36583,4140,3171785,26463,46965024
Canada,3/2/2022,8087,3316958,92,36675,7195,3178980,14203,46979227
Canada,3/3/2022,5179,3322137,64,36739,7570,3186550,31402,47010629
Canada,3/4/2022,8922,3331059,76,36815,7481,3194031,66664,47077293
Canada,3/5/2022,1767,3332826,32,36847,2074,3196105,14264,47091557
Canada,3/6/2022,2321,3335147,24,36871,1915,3198020,19637,47111194
Canada,3/7/2022,9433,3344580,66,36937,9454,3207474,47250,47158444
Canada,3/8/2022,5540,3350120,77,37014,5634,3213108,26441,47184885
Canada,3/9/2022,6968,3357088,53,37067,5442,3218550,34983,47219868
Canada,3/10/2022,5910,3362998,64,37131,7020,3225570,29553,47249421
Canada,3/11/2022,7292,3370290,-205,36926,6611,3232181,33415,47282836
Canada,3/12/2022,2099,3372389,17,36943,1429,3233610,13005,47295841
Canada,3/13/2022,2479,3374868,34,36977,1424,3235034,18700,47314541
Canada,3/14/2022,8295,3383163,48,37025,8234,3243268,34800,47349341
Canada,3/15/2022,4582,3387745,48,37073,4087,3247355,20781,47370122
Canada,3/16/2022,6509,3394254,40,37113,4956,3252311,27952,47398074
Canada,3/17/2022,3132,3397386,21,37134,4244,3256555,30457,47428531
